gvkey,gvkeyx,from,thru,tic,co_conm,co_tic
9063,3,20030224,20170807,I0003,AUTONATION INC,AN
24893,3,20060103,20170828,I0003,WHOLE FOODS MARKET INC,WFM
4087,3,19640331,20170831,I0003,DU PONT (E I) DE NEMOURS,DD
15521,3,19981007,20170917,I0003,STAPLES INC,SPLS
13440,3,20141105,20171012,I0003,LEVEL 3 COMMUNICATIONS INC,LVLT
31802,3,20171205,20171205,I0003,DELPHI TECHNOLOGIES PLC,DLPH
2044,3,19750630,20180102,I0003,BARD (C.R.) INC,BCR
180167,3,20080701,20180306,I0003,SCRIPPS NETWORKS INTERACTIVE,SNI
15520,3,20150729,20180318,I0003,SIGNET JEWELERS LTD,SIG
27786,3,20060303,20180318,I0003,CHESAPEAKE ENERGY CORP,CHK
25880,3,20051011,20180318,I0003,PATTERSON COMPANIES INC,PDCO
26304,3,20151130,20180403,I0003,CSRA INC,CSRA
178507,3,20180404,,I0003,MSCI INC,MSCI
17120,3,20180319,,I0003,SVB FINANCIAL GROUP,SIVB
30137,3,20180319,,I0003,NEKTAR THERAPEUTICS,NKTR
64630,3,20180319,,I0003,TAKE-TWO INTERACTIVE SFTWR,TTWO
175955,3,20180307,,I0003,IPG PHOTONICS CORP,IPGP
186310,3,20180103,,I0003,HUNTINGTON INGALLS IND INC,HII
104432,3,20171013,,I0003,NORWEGIAN CRUISE LINE HLDGS,NCLH
13421,3,20170918,,I0003,CADENCE DESIGN SYSTEMS INC,CDNS
121382,3,20170901,,I0003,SBA COMMUNICATIONS CORP,SBAC
17928,3,20170829,,I0003,IQVIA HOLDINGS INC,IQV
31774,3,20170807,,I0003,BRIGHTHOUSE FINANL INC,BHF
9771,3,20170726,,I0003,SMITH (A O) CORP,AOS
13510,3,20170726,,I0003,DUKE REALTY CORP,DRE
14418,3,20170726,,I0003,MGM RESORTS INTERNATIONAL,MGM
31887,3,20170726,,I0003,RESMED INC,RMD
128978,3,20170726,,I0003,PACKAGING CORP OF AMERICA,PKG
32106,3,20170707,,I0003,BAKER HUGHES A GE CO,BHGE
5643,3,20170619,,I0003,HILTON WORLDWIDE HOLDINGS,HLT
61388,3,20170619,,I0003,EVEREST RE GROUP LTD,RE
63080,3,20170619,,I0003,ANSYS INC,ANSS
141384,3,20170619,,I0003,ALIGN TECHNOLOGY INC,ALGN
162906,3,20170602,,I0003,IHS MARKIT LTD,INFO
12441,3,20170405,,I0003,GARTNER INC,IT
3336,3,20170404,,I0003,DXC TECHNOLOGY COMPANY,DXC
1161,3,20170320,,I0003,ADVANCED MICRO DEVICES,AMD
8898,3,20170320,,I0003,RAYMOND JAMES FINANCIAL CORP,RJF
64821,3,20170320,,I0003,ALEXANDRIA R E EQUITIES INC,ARE
24975,3,20170316,,I0003,SYNOPSYS INC,SNPS
60900,3,20170313,,I0003,DISH NETWORK CORP,DISH
29099,3,20170302,,I0003,REGENCY CENTERS CORP,REG
184500,3,20170301,,I0003,CBOE GLOBAL MARKETS INC,CBOE
29127,3,20170228,,I0003,INCYTE CORP,INCY
30923,3,20170117,,I0003,TECHNIPFMC PLC,FTI
24197,3,20170105,,I0003,IDEXX LABS INC,IDXX
29649,3,20161202,,I0003,MID-AMERICA APT CMNTYS INC,MAA
65967,3,20161202,,I0003,ENVISION HEALTHCARE CORP,EVHC
28192,3,20161101,,I0003,ARCONIC INC,ARNC
12151,3,20161003,,I0003,COTY INC,COTY
3504,3,20160923,,I0003,COOPER COMPANIES INC,COO
126136,3,20160908,,I0003,CHARTER COMMUNICATIONS INC,CHTR
65772,3,20160906,,I0003,METTLER-TOLEDO INTL INC,MTD
26590,3,20160705,,I0003,FORTIVE CORP,FTV
11554,3,20160701,,I0003,ALLIANT ENERGY CORP,LNT
29751,3,20160701,,I0003,ALBEMARLE CORP,ALB
188255,3,20160624,,I0003,FORTUNE BRANDS HOME & SECUR,FBHS
148349,3,20160603,,I0003,TRANSDIGM GROUP INC,TDG
4973,3,20160531,,I0003,ARTHUR J GALLAGHER & CO,AJG
155394,3,20160523,,I0003,LKQ CORP,LKQ
160991,3,20160518,,I0003,DIGITAL REALTY TRUST INC,DLR
1230,3,20160513,,I0003,ALASKA AIR GROUP INC,ALK
146017,3,20160503,,I0003,ACUITY BRANDS INC,AYI
141913,3,20160425,,I0003,GLOBAL PAYMENTS INC,GPN
178704,3,20160418,,I0003,ULTA BEAUTY INC,ULTA
165052,3,20160408,,I0003,UNDER ARMOUR INC,UAA
11584,3,20160404,,I0003,FOOT LOCKER INC,FL
20904,3,20160330,,I0003,HOLOGIC INC,HOLX
145552,3,20160330,,I0003,CENTENE CORP,CNC
10894,3,20160307,,I0003,UDR INC,UDR
179437,3,20160304,,I0003,AMERICAN WATER WORKS CO INC,AWK
177884,3,20160222,,I0003,CONCHO RESOURCES INC,CXO
4605,3,20160201,,I0003,FEDERAL REALTY INVESTMENT TR,FRT
21825,3,20160201,,I0003,CITIZENS FINANCIAL GROUP INC,CFG
160479,3,20160119,,I0003,EXTRA SPACE STORAGE INC,EXR
144009,3,20160105,,I0003,WILLIS TOWERS WATSON PLC,WLTW
3026,3,20151229,,I0003,CHURCH & DWIGHT INC,CHD
138205,3,20151119,,I0003,ILLUMINA INC,ILMN
20686,3,20151118,,I0003,SYNCHRONY FINANCIAL,SYF
26156,3,20151102,,I0003,HEWLETT PACKARD ENTERPRISE,HPE
180652,3,20151008,,I0003,VERISK ANALYTICS INC,VRSK
12886,3,20150921,,I0003,TWENTY-FIRST CENTURY FOX INC,FOXA
18043,3,20150921,,I0003,NEWS CORP,NWSA
10795,3,20150903,,I0003,UNITED CONTINENTAL HLDGS INC,UAL
180405,3,20150831,,I0003,ACTIVISION BLIZZARD INC,ATVI
24616,3,20150720,,I0003,PAYPAL HOLDINGS INC,PYPL
145977,3,20150709,,I0003,ADVANCE AUTO PARTS INC,AAP
5568,3,20150703,,I0003,KRAFT HEINZ CO,KHC
29830,3,20150702,,I0003,WESTROCK CO,WRK
5783,3,20150701,,I0003,HUNT (JB) TRANSPRT SVCS INC,JBHT
64853,3,20150612,,I0003,QORVO INC,QRVO
30822,3,20150407,,I0003,REALTY INCOME CORP,O
1045,3,20150323,,I0003,AMERICAN AIRLINES GROUP INC,AAL
65290,3,20150323,,I0003,SL GREEN REALTY CORP,SLG
138743,3,20150323,,I0003,EQUINIX INC,EQIX
175319,3,20150323,,I0003,HANESBRANDS INC,HBI
61494,3,20150318,,I0003,SCHEIN (HENRY) INC,HSIC
1327,3,20150312,,I0003,SKYWORKS SOLUTIONS INC,SWKS
22260,3,20150127,,I0003,HCA HEALTHCARE INC,HCA
28191,3,20141205,,I0003,ROYAL CARIBBEAN CRUISES LTD,RCL
11032,3,20140922,,I0003,UNIVERSAL HEALTH SVCS INC,UHS
66065,3,20140922,,I0003,UNITED RENTALS INC,URI
164296,3,20140807,,I0003,DISCOVERY INC,DISCA
29733,3,20140702,,I0003,MARTIN MARIETTA MATERIALS,MLM
65886,3,20140701,,I0003,AFFILIATED MANAGERS GRP INC,AMG
150699,3,20140623,,I0003,CIMAREX ENERGY CO,XEC
180711,3,20140508,,I0003,BROADCOM INC,AVGO
165052,3,20140501,,I0003,UNDER ARMOUR INC,UAA
160329,3,20140403,,I0003,ALPHABET INC,GOOGL
30293,3,20140402,,I0003,ESSEX PROPERTY TRUST,ESS
29736,3,20140124,,I0003,TRACTOR SUPPLY CO,TSCO
25119,3,20131223,,I0003,MOHAWK INDUSTRIES INC,MHK
143974,3,20131223,,I0003,ALLIANCE DATA SYSTEMS CORP,ADS
170617,3,20131223,,I0003,FACEBOOK INC,FB
28119,3,20131210,,I0003,GGP INC,GGP
316056,3,20131202,,I0003,ALLEGION PLC,ALLE
198058,3,20131113,,I0003,MICHAEL KORS HOLDINGS LTD,KORS
1598,3,20130923,,I0003,AMETEK INC,AME
24344,3,20130923,,I0003,VERTEX PHARMACEUTICALS INC,VRTX
3851,3,20130911,,I0003,DELTA AIR LINES INC,DAL
100873,3,20130709,,I0003,NIELSEN HOLDINGS PLC,NLSN
18043,3,20130701,,I0003,NEWS CORP,NWSA
13721,3,20130624,,I0003,ZOETIS INC,ZTS
5073,3,20130607,,I0003,GENERAL MOTORS CO,GM
6335,3,20130524,,I0003,KANSAS CITY SOUTHERN,KSU
29868,3,20130509,,I0003,MACERICH CO,MAC
23812,3,20130501,,I0003,REGENERON PHARMACEUTICALS,REGN
8551,3,20130214,,I0003,PVH CORP,PVH
16101,3,20130102,,I0003,ABBVIE INC,ABBV
118122,3,20121224,,I0003,APTIV PLC,APTV
141459,3,20121212,,I0003,GARMIN LTD,GRMN
4016,3,20121203,,I0003,DOLLAR GENERAL CORP,DG
8463,3,20121001,,I0003,PENTAIR PLC,PNR
294524,3,20120905,,I0003,LYONDELLBASELL INDUSTRIES NV,LYB
150937,3,20120702,,I0003,SEAGATE TECHNOLOGY PLC,STX
24316,3,20120629,,I0003,MONSTER BEVERAGE CORP,MNST
6565,3,20120605,,I0003,LAM RESEARCH CORP,LRCX
6310,3,20120525,,I0003,KINDER MORGAN INC,KMI
62263,3,20120525,,I0003,ALEXION PHARMACEUTICALS INC,ALXN
170841,3,20120501,,I0003,PHILLIPS 66,PSX
113490,3,20120314,,I0003,CROWN CASTLE INTL CORP,CCI
199356,3,20111221,,I0003,TRIPADVISOR INC,TRIP
24782,3,20111219,,I0003,PERRIGO CO PLC,PRGO
28742,3,20111219,,I0003,BORGWARNER INC,BWA
31587,3,20111219,,I0003,DOLLAR TREE INC,DLTR
189491,3,20111101,,I0003,XYLEM INC,XYL
177267,3,20111017,,I0003,TE CONNECTIVITY LTD,TEL
162129,3,20110926,,I0003,MOSAIC CO,MOS
143357,3,20110706,,I0003,ACCENTURE PLC,ACN
186989,3,20110701,,I0003,MARATHON PETROLEUM CORP,MPC
165914,3,20110428,,I0003,CHIPOTLE MEXICAN GRILL INC,CMG
124434,3,20110404,,I0003,BLACKROCK INC,BLK
133366,3,20110401,,I0003,EDWARDS LIFESCIENCES CORP,EW
29173,3,20101220,,I0003,NEWFIELD EXPLORATION CO,NFX
121077,3,20101220,,I0003,F5 NETWORKS INC,FFIV
147579,3,20101220,,I0003,NETFLIX INC,NFLX
5959,3,20101117,,I0003,INGERSOLL-RAND PLC,IR
28034,3,20100715,,I0003,CHUBB LTD,CB
64410,3,20100628,,I0003,CARMAX INC,KMX
12850,3,20100430,,I0003,CERNER CORP,CERN
8151,3,20100315,,I0003,ONEOK INC,OKE
5581,3,20100301,,I0003,HELMERICH & PAYNE,HP
164296,3,20100301,,I0003,DISCOVERY INC,DISCA
2176,3,20100216,,I0003,BERKSHIRE HATHAWAY,BRK.B
135990,3,20100129,,I0003,NRG ENERGY INC,NRG
24925,3,20091223,,I0003,ROPER TECHNOLOGIES INC,ROP
9248,3,20091221,,I0003,ROSS STORES INC,ROST
179534,3,20091221,,I0003,VISA INC,V
119314,3,20091106,,I0003,BOOKING HOLDINGS INC,BKNG
4510,3,20090819,,I0003,FMC CORP,FMC
122841,3,20090727,,I0003,RED HAT INC,RHT
11399,3,20090701,,I0003,WESTERN DIGITAL CORP,WDC
66446,3,20090701,,I0003,QUANTA SERVICES INC,PWR
28180,3,20090327,,I0003,O'REILLY AUTOMOTIVE INC,ORLY
7970,3,20090317,,I0003,EVERSOURCE ENERGY,ES
5709,3,20090304,,I0003,HORMEL FOODS CORP,HRL
110179,3,20090304,,I0003,VENTAS INC,VTR
5543,3,20090130,,I0003,WELLTOWER INC,WELL
62374,3,20090106,,I0003,IRON MOUNTAIN INC,IRM
9445,3,20090102,,I0003,SCANA CORP,SCG
28477,3,20090102,,I0003,FLIR SYSTEMS INC,FLIR
4430,3,20081219,,I0003,EQT CORP,EQT
112168,3,20081205,,I0003,REPUBLIC SERVICES INC,RSG
63527,3,20081119,,I0003,STERICYCLE INC,SRCL
13700,3,20081114,,I0003,DENTSPLY SIRONA INC,XRAY
149318,3,20081114,,I0003,WYNN RESORTS LTD,WYNN
16245,3,20081113,,I0003,PEOPLE'S UNITED FINL INC,PBCT
9777,3,20081106,,I0003,SMUCKER (JM) CO,SJM
11550,3,20081031,,I0003,WEC ENERGY GROUP INC,WEC
149337,3,20081022,,I0003,NASDAQ INC,NDAQ
179700,3,20081007,,I0003,DR PEPPER SNAPPLE GROUP INC,DPS
4108,3,20081002,,I0003,FLOWSERVE CORP,FLS
14282,3,20080930,,I0003,AMPHENOL CORP,APH
14359,3,20080924,,I0003,PIONEER NATURAL RESOURCES CO,PXD
5492,3,20080922,,I0003,HARRIS CORP,HRS
14225,3,20080915,,I0003,FASTENAL CO,FAST
157855,3,20080915,,I0003,SALESFORCE.COM INC,CRM
163946,3,20080827,,I0003,CF INDUSTRIES HOLDINGS INC,CF
29804,3,20080821,,I0003,INVESCO LTD,IVZ
61483,3,20080731,,I0003,DAVITA INC,DVA
160225,3,20080718,,I0003,MASTERCARD INC,MA
20548,3,20080623,,I0003,CABOT OIL & GAS CORP,COG
136725,3,20080602,,I0003,INTUITIVE SURGICAL INC,ISRG
13125,3,20080331,,I0003,HCP INC,HCP
179621,3,20080331,,I0003,PHILIP MORRIS INTERNATIONAL,PM
10631,3,20080102,,I0003,TOTAL SYSTEM SERVICES INC,TSS
6788,3,20071221,,I0003,RANGE RESOURCES CORP,RRC
105365,3,20071119,,I0003,AMERICAN TOWER CORP,AMT
6216,3,20071026,,I0003,JACOBS ENGINEERING GROUP INC,JEC
4494,3,20071010,,I0003,EXPEDITORS INTL WASH INC,EXPD
7912,3,20071008,,I0003,NOBLE ENERGY INC,NBL
126296,3,20071002,,I0003,EXPEDIA GROUP INC,EXPE
10466,3,20070927,,I0003,ANDEAVOR,ANDV
163610,3,20070926,,I0003,INTERCONTINENTAL EXCHANGE,ICE
27965,3,20070907,,I0003,MICROCHIP TECHNOLOGY INC,MCHP
6682,3,20070827,,I0003,LEUCADIA NATIONAL CORP,LUK
125595,3,20070712,,I0003,AKAMAI TECHNOLOGIES INC,AKAM
177376,3,20070702,,I0003,DISCOVER FINANCIAL SVCS,DFS
157057,3,20070410,,I0003,ASSURANT INC,AIZ
142953,3,20070402,,I0003,MONDELEZ INTERNATIONAL INC,MDLZ
7063,3,20070320,,I0003,HOST HOTELS & RESORTS INC,HST
65609,3,20070302,,I0003,C H ROBINSON WORLDWIDE INC,CHRW
11115,3,20070212,,I0003,VARIAN MEDICAL SYSTEMS INC,VAR
64891,3,20070202,,I0003,RALPH LAUREN CORP,RL
29875,3,20070110,,I0003,AVALONBAY COMMUNITIES INC,AVB
111864,3,20061117,,I0003,COGNIZANT TECH SOLUTIONS,CTSH
165993,3,20061110,,I0003,FIDELITY NATIONAL INFO SVCS,FIS
260774,3,20061110,,I0003,CBRE GROUP INC,CBRE
13599,3,20061106,,I0003,CELGENE CORP,CELG
175263,3,20061002,,I0003,WESTERN UNION CO,WU
149070,3,20060811,,I0003,CME GROUP INC,CME
174729,3,20060801,,I0003,WYNDHAM WORLDWIDE CORP,WYN
121718,3,20060602,,I0003,JUNIPER NETWORKS INC,JNPR
24731,3,20060403,,I0003,KIMCO REALTY CORP,KIM
64925,3,20060403,,I0003,BOSTON PROPERTIES INC,BXP
160329,3,20060403,,I0003,ALPHABET INC,GOOGL
66368,3,20060201,,I0003,VERISIGN INC,VRSN
61567,3,20060105,,I0003,LAUDER (ESTEE) COS INC -CL A,EL
165675,3,20060103,,I0003,VIACOM INC,VIAB
64768,3,20051121,,I0003,AMAZON.COM INC,AMZN
6669,3,20051004,,I0003,LENNAR CORP,LEN
164708,3,20051003,,I0003,AMERIPRISE FINANCIAL INC,AMP
10096,3,20050819,,I0003,PUBLIC STORAGE,PSA
11220,3,20050812,,I0003,VORNADO REALTY TRUST,VNO
10793,3,20050811,,I0003,TYSON FOODS INC  -CL A,TSN
2710,3,20050705,,I0003,CONSTELLATION BRANDS,STZ
25340,3,20050705,,I0003,D R HORTON INC,DHI
63892,3,20050314,,I0003,NATIONAL OILWELL VARCO INC,NOV
12886,3,20041220,,I0003,TWENTY-FIRST CENTURY FOX INC,FOXA
110685,3,20041201,,I0003,L3 TECHNOLOGIES INC,LLL
14960,3,20041101,,I0003,LABORATORY CP OF AMER HLDGS,LH
140541,3,20040901,,I0003,TAPESTRY INC,TPR
24856,3,20040701,,I0003,GILEAD SCIENCES INC,GILD
62689,3,20040505,,I0003,TRAVELERS COS INC,TRV
15247,3,20040429,,I0003,VALERO ENERGY CORP,VLO
7637,3,20040423,,I0003,MYLAN NV,MYL
63501,3,20040401,,I0003,E TRADE FINANCIAL CORP,ETFC
4699,3,20040227,,I0003,M & T BANK CORP,MTB
24468,3,20031113,,I0003,BIOGEN INC,BIIB
25356,3,20030926,,I0003,EXPRESS SCRIPTS HOLDING CO,ESRX
29984,3,20030717,,I0003,PROLOGIS INC,PLD
15855,3,20030331,,I0003,SYMANTEC CORP,SYMC
7146,3,20030321,,I0003,MCCORMICK & CO INC,MKC
30490,3,20030314,,I0003,APARTMENT INVST & MGMT CO,AIV
64166,3,20021212,,I0003,QUEST DIAGNOSTICS INC,DGX
3226,3,20021119,,I0003,COMCAST CORP,CMCSA
140760,3,20020814,,I0003,MONSANTO CO,MON
145046,3,20020725,,I0003,ANTHEM INC,ANTM
10920,3,20020722,,I0003,UNITED PARCEL SERVICE INC,UPS
16721,3,20020722,,I0003,ELECTRONIC ARTS INC,EA
114524,3,20020722,,I0003,EBAY INC,EBAY
114628,3,20020722,,I0003,GOLDMAN SACHS GROUP INC,GS
143356,3,20020722,,I0003,PRUDENTIAL FINANCIAL INC,PRU
145701,3,20020722,,I0003,PRINCIPAL FINANCIAL GRP INC,PFG
29389,3,20020626,,I0003,SIMON PROPERTY GROUP INC,SPG
61574,3,20020102,,I0003,WATERS CORP,WAT
28733,3,20011203,,I0003,EQUITY RESIDENTIAL,EQR
117768,3,20011130,,I0003,NVIDIA CORP,NVDA
24318,3,20010904,,I0003,XL GROUP LTD,XL
31673,3,20010830,,I0003,AMERISOURCEBERGEN CORP,ABC
144559,3,20010807,,I0003,ZIMMER BIOMET HOLDINGS INC,ZBH
144066,3,20010702,,I0003,ROCKWELL COLLINS INC,COL
11687,3,20010625,,I0003,ZIONS BANCORPORATION,ZION
12635,3,20010402,,I0003,FISERV INC,FISV
3062,3,20010301,,I0003,CINTAS CORP,CTAS
10115,3,20001212,,I0003,STRYKER CORP,SYK
27928,3,20001211,,I0003,INTUIT INC,INTU
133768,3,20001211,,I0003,METLIFE INC,MET
2312,3,20001205,,I0003,ROBERT HALF INTL INC,RHI
7974,3,20001102,,I0003,NISOURCE INC,NI
16478,3,20001102,,I0003,EOG RESOURCES INC,EOG
139665,3,20001003,,I0003,MOODY'S CORP,MCO
14934,3,20000830,,I0003,DEVON ENERGY CORP,DVN
13646,3,20000621,,I0003,TIFFANY & CO,TIF
25434,3,20000608,,I0003,STARBUCKS CORP,SBUX
126554,3,20000605,,I0003,AGILENT TECHNOLOGIES INC,A
12389,3,20000131,,I0003,HARLEY-DAVIDSON INC,HOG
61676,3,19991201,,I0003,CITRIX SYSTEMS INC,CTXS
22325,3,19991108,,I0003,XILINX INC,XLNX
6649,3,19991018,,I0003,LEGGETT & PLATT INC,LEG
12138,3,19991013,,I0003,PRICE (T. ROWE) GROUP,TROW
1632,3,19991012,,I0003,ANALOG DEVICES,ADI
1075,3,19991004,,I0003,PINNACLE WEST CAPITAL CORP,PNW
24800,3,19990722,,I0003,QUALCOMM INC,QCOM
11228,3,19990701,,I0003,VULCAN MATERIALS CO,VMC
2184,3,19990630,,I0003,BEST BUY CO INC,BBY
61591,3,19990625,,I0003,NETAPP INC,NTAP
1449,3,19990528,,I0003,AFLAC INC,AFL
3439,3,19990503,,I0003,CMS ENERGY CORP,CMS
27845,3,19990412,,I0003,ALLERGAN PLC,AGN
2884,3,19990325,,I0003,CENTURYLINK INC,CTL
7171,3,19990113,,I0003,MCKESSON CORP,MCK
4723,3,19990104,,I0003,U S BANCORP,USB
25056,3,19990104,,I0003,TIME WARNER INC,TWX
13498,3,19981222,,I0003,CARNIVAL CORP/PLC (USA),CCL
3735,3,19981118,,I0003,DANAHER CORP,DHR
24216,3,19981002,,I0003,AES CORP,AES
8402,3,19981001,,I0003,PAYCHEX INC,PAYX
4674,3,19980828,,I0003,REGIONS FINANCIAL CORP,RF
25283,3,19980814,,I0003,KOHL'S CORP,KSS
14477,3,19980717,,I0003,WASTE MANAGEMENT INC,WM
10121,3,19980701,,I0003,NAVIENT CORP,NAVI
30990,3,19980701,,I0003,CAPITAL ONE FINANCIAL CORP,COF
28930,3,19980521,,I0003,MARRIOTT INTL INC,MAR
4885,3,19980429,,I0003,FRANKLIN RESOURCES INC,BEN
9555,3,19980401,,I0003,SEALED AIR CORP,SEE
7982,3,19980130,,I0003,NORTHERN TRUST CORP,NTRS
4066,3,19971224,,I0003,OMNICOM GROUP,OMC
14824,3,19971218,,I0003,CINCINNATI FINANCIAL CORP,CINF
11856,3,19971204,,I0003,BB&T CORP,BBT
65417,3,19971007,,I0003,YUM BRANDS INC,YUM
6304,3,19970915,,I0003,KLA-TENCOR CORP,KLAC
10035,3,19970818,,I0003,STATE STREET CORP,STT
5786,3,19970806,,I0003,HUNTINGTON BANCSHARES,HBAN
13341,3,19970804,,I0003,PROGRESSIVE CORP-OHIO,PGR
1678,3,19970728,,I0003,APACHE CORP,APA
11923,3,19970728,,I0003,ANADARKO PETROLEUM CORP,APC
4423,3,19970619,,I0003,EQUIFAX INC,EFX
13988,3,19970602,,I0003,SCHWAB (CHARLES) CORP,SCHW
2751,3,19970527,,I0003,CARDINAL HEALTH INC,CAH
12540,3,19970506,,I0003,ADOBE SYSTEMS INC,ADBE
10530,3,19970102,,I0003,THERMO FISHER SCIENTIFIC INC,TMO
23809,3,19970102,,I0003,AUTOZONE INC,AZO
3221,3,19960423,,I0003,AON PLC,AON
4640,3,19960308,,I0003,FIFTH THIRD BANCORP,FITB
61739,3,19951220,,I0003,HARTFORD FINANCIAL SERVICES,HIG
3231,3,19951201,,I0003,COMERICA INC,CMA
27914,3,19951201,,I0003,HUMANA INC,HUM
8455,3,19951127,,I0003,PPL CORP,PPL
4611,3,19951108,,I0003,MACY'S INC,M
12124,3,19950922,,I0003,MORGAN STANLEY,MS
14590,3,19950731,,I0003,FREEPORT-MCMORAN INC,FCX
28349,3,19950713,,I0003,ALLSTATE CORP,ALL
31846,3,19950530,,I0003,DARDEN RESTAURANTS INC,DRI
6781,3,19950510,,I0003,LOEWS CORP,L
2019,3,19950331,,I0003,BANK OF NEW YORK MELLON CORP,BK
1704,3,19950316,,I0003,APPLIED MATERIALS INC,AMAT
25279,3,19950224,,I0003,BOSTON SCIENTIFIC CORP,BSX
7343,3,19940927,,I0003,MICRON TECHNOLOGY INC,MU
13714,3,19940901,,I0003,CBS CORP,CBS
9882,3,19940701,,I0003,SOUTHWEST AIRLINES,LUV
10903,3,19940701,,I0003,UNITEDHEALTH GROUP INC,UNH
12141,3,19940601,,I0003,MICROSOFT CORP,MSFT
9783,3,19940301,,I0003,KEYCORP,KEY
12726,3,19940301,,I0003,UNUM GROUP,UNM
29392,3,19940101,,I0003,EASTMAN CHEMICAL CO,EMN
20779,3,19931201,,I0003,CISCO SYSTEMS INC,CSCO
29028,3,19931001,,I0003,COSTCO WHOLESALE CORP,COST
6136,3,19921001,,I0003,INTERPUBLIC GROUP OF COS,IPG
25124,3,19920701,,I0003,PRAXAIR INC,PX
1602,3,19920102,,I0003,AMGEN INC,AMGN
10860,3,19910919,,I0003,AMEREN CORP,AEE
7017,3,19910501,,I0003,MARATHON OIL CORP,MRO
1878,3,19891201,,I0003,AUTODESK INC,ADSK
12142,3,19890831,,I0003,ORACLE CORP,ORCL
7875,3,19890430,,I0003,NEWELL BRANDS INC,NWL
10614,3,19890430,,I0003,TORCHMARK CORP,TMK
4213,3,19890131,,I0003,ECOLAB INC,ECL
7906,3,19881130,,I0003,NIKE INC,NKE
3243,3,19880531,,I0003,CITIGROUP INC,C
10187,3,19880531,,I0003,SUNTRUST BANKS INC,STI
8245,3,19880430,,I0003,PNC FINANCIAL SVCS GROUP INC,PNC
5680,3,19880331,,I0003,HOME DEPOT INC,HD
1913,3,19871231,,I0003,AVERY DENNISON CORP,AVY
7065,3,19870831,,I0003,MARSH & MCLENNAN COS,MMC
3310,3,19870731,,I0003,CA INC,CA
10247,3,19861231,,I0003,SYSCO CORP,SYY
2269,3,19861130,,I0003,BLOCK H & R INC,HRB
7228,3,19861031,,I0003,MEDTRONIC PLC,MDT
4990,3,19860831,,I0003,GAP INC,GPS
7922,3,19860831,,I0003,NORDSTROM INC,JWN
6268,3,19860531,,I0003,JOHNSON CONTROLS INTL PLC,JCI
5878,3,19860228,,I0003,ILLINOIS TOOL WORKS,ITW
8358,3,19851130,,I0003,PARKER-HANNIFIN CORP,PH
4058,3,19851031,,I0003,DOVER CORP,DOV
11672,3,19850930,,I0003,TJX COMPANIES INC,TJX
5742,3,19850731,,I0003,CENTERPOINT ENERGY INC,CNP
7985,3,19850630,,I0003,NORTHROP GRUMMAN CORP,NOC
4145,3,19850531,,I0003,PERKINELMER INC,PKI
1209,3,19850430,,I0003,AIR PRODUCTS & CHEMICALS INC,APD
8030,3,19850430,,I0003,NUCOR CORP,NUE
1988,3,19841031,,I0003,BALL CORP,BLL
5518,3,19840930,,I0003,HASBRO INC,HAS
6774,3,19840731,,I0003,LOCKHEED MARTIN CORP,LMT
1380,3,19840531,,I0003,HESS CORP,HES
8823,3,19840430,,I0003,PULTEGROUP INC,PHM
6829,3,19840229,,I0003,LOWE'S COMPANIES INC,LOW
2136,3,19831130,,I0003,VERIZON COMMUNICATIONS INC,VZ
9899,3,19831130,,I0003,AT&T INC,T
6733,3,19830930,,I0003,L BRANDS INC,LB
3362,3,19830831,,I0003,CONAGRA BRANDS INC,CAG
8068,3,19821231,,I0003,OCCIDENTAL PETROLEUM CORP,OXY
1690,3,19821130,,I0003,APPLE INC,AAPL
2435,3,19821031,,I0003,BROWN FORMAN CORP,BF.B
9778,3,19820930,,I0003,SNAP-ON INC,SNA
10016,3,19820930,,I0003,STANLEY BLACK & DECKER INC,SWK
11259,3,19820831,,I0003,WALMART INC,WMT
7116,3,19820331,,I0003,MATTEL INC,MAT
1722,3,19810729,,I0003,ARCHER-DANIELS-MIDLAND CO,ADM
5256,3,19810630,,I0003,GRAINGER (W W) INC,GWW
7085,3,19810630,,I0003,MASCO CORP,MAS
1891,3,19810331,,I0003,AUTOMATIC DATA PROCESSING,ADP
4598,3,19801231,,I0003,FEDEX CORP,FDX
8253,3,19801231,,I0003,PACCAR INC,PCAR
1487,3,19800331,,I0003,AMERICAN INTERNATIONAL GROUP,AIG
4818,3,19800331,,I0003,FLUOR CORP,FLR
11264,3,19791231,,I0003,WALGREENS BOOTS ALLIANCE INC,WBA
11060,3,19790630,,I0003,VF CORP,VFC
10519,3,19781231,,I0003,TEXTRON INC,TXT
3813,3,19761231,,I0003,TARGET CORP,TGT
6008,3,19761231,,I0003,INTEL CORP,INTC
1177,3,19760630,,I0003,AETNA INC,AET
1447,3,19760630,,I0003,AMERICAN EXPRESS CO,AXP
2547,3,19760630,,I0003,CIGNA CORP,CI
2968,3,19760630,,I0003,JPMORGAN CHASE & CO,JPM
3505,3,19760630,,I0003,MOLSON COORS BREWING CO,TAP
3980,3,19760630,,I0003,DISNEY (WALT) CO,DIS
4093,3,19760630,,I0003,DUKE ENERGY CORP,DUK
4517,3,19760630,,I0003,NEXTERA ENERGY INC,NEE
6742,3,19760630,,I0003,LINCOLN NATIONAL CORP,LNC
7647,3,19760630,,I0003,BANK OF AMERICA CORP,BAC
8007,3,19760630,,I0003,WELLS FARGO & CO,WFC
6078,3,19760331,,I0003,INTL FLAVORS & FRAGRANCES,IFF
11506,3,19750331,,I0003,WILLIAMS COS INC,WMB
5606,3,19741231,,I0003,HP INC,HPQ
5125,3,19731231,,I0003,GENUINE PARTS CO,GPC
6266,3,19730630,,I0003,JOHNSON & JOHNSON,JNJ
2086,3,19720930,,I0003,BAXTER INTERNATIONAL INC,BAX
2111,3,19720930,,I0003,BECTON DICKINSON & CO,BDX
6730,3,19701231,,I0003,LILLY (ELI) & CO,LLY
7154,3,19700630,,I0003,MCDONALD'S CORP,MCD
7881,3,19690630,,I0003,NEWMONT MINING CORP,NEM
3121,3,19690331,,I0003,CLOROX CO/DE,CLX
5071,3,19690331,,I0003,GENERAL MILLS INC,GIS
2574,3,19670930,,I0003,CSX CORP,CSX
3650,3,19650331,,I0003,CUMMINS INC,CMI
4321,3,19650331,,I0003,EMERSON ELECTRIC CO,EMR
9465,3,19650331,,I0003,SCHLUMBERGER LTD,SLB
9667,3,19640630,,I0003,SHERWIN-WILLIAMS CO,SHW
1078,3,19640331,,I0003,ABBOTT LABORATORIES,ABT
1300,3,19640331,,I0003,HONEYWELL INTERNATIONAL INC,HON
1440,3,19640331,,I0003,AMERICAN ELECTRIC POWER CO,AEP
2285,3,19640331,,I0003,BOEING CO,BA
2403,3,19640331,,I0003,BRISTOL-MYERS SQUIBB CO,BMY
2663,3,19640331,,I0003,CAMPBELL SOUP CO,CPB
2817,3,19640331,,I0003,CATERPILLAR INC,CAT
2991,3,19640331,,I0003,CHEVRON CORP,CVX
3144,3,19640331,,I0003,COCA-COLA CO,KO
3170,3,19640331,,I0003,COLGATE-PALMOLIVE CO,CL
3413,3,19640331,,I0003,CONSOLIDATED EDISON INC,ED
3532,3,19640331,,I0003,CORNING INC,GLW
3835,3,19640331,,I0003,DEERE & CO,DE
3897,3,19640331,,I0003,DTE ENERGY CO,DTE
4029,3,19640331,,I0003,DOMINION ENERGY INC,D
4060,3,19640331,,I0003,DOWDUPONT INC,DWDP
4199,3,19640331,,I0003,EATON CORP PLC,ETN
4503,3,19640331,,I0003,EXXON MOBIL CORP,XOM
4839,3,19640331,,I0003,FORD MOTOR CO,F
5046,3,19640331,,I0003,GENERAL DYNAMICS CORP,GD
5047,3,19640331,,I0003,GENERAL ELECTRIC CO,GE
5234,3,19640331,,I0003,GOODYEAR TIRE & RUBBER CO,GT
5439,3,19640331,,I0003,HALLIBURTON CO,HAL
5597,3,19640331,,I0003,HERSHEY CO,HSY
6066,3,19640331,,I0003,INTL BUSINESS MACHINES CORP,IBM
6104,3,19640331,,I0003,INTL PAPER CO,IP
6375,3,19640331,,I0003,KELLOGG CO,K
6435,3,19640331,,I0003,KIMBERLY-CLARK CORP,KMB
6502,3,19640331,,I0003,KROGER CO,KR
7163,3,19640331,,I0003,S&P GLOBAL INC,SPGI
7241,3,19640331,,I0003,CVS HEALTH CORP,CVS
7257,3,19640331,,I0003,MERCK & CO,MRK
7366,3,19640331,,I0003,ENTERGY CORP,ETR
7435,3,19640331,,I0003,3M CO,MMM
7585,3,19640331,,I0003,MOTOROLA SOLUTIONS INC,MSI
7923,3,19640331,,I0003,NORFOLK SOUTHERN CORP,NSC
7977,3,19640331,,I0003,XCEL ENERGY INC,XEL
8099,3,19640331,,I0003,FIRSTENERGY CORP,FE
8247,3,19640331,,I0003,PPG INDUSTRIES INC,PPG
8264,3,19640331,,I0003,PG&E CORP,PCG
8272,3,19640331,,I0003,SEMPRA ENERGY,SRE
8479,3,19640331,,I0003,PEPSICO INC,PEP
8530,3,19640331,,I0003,PFIZER INC,PFE
8539,3,19640331,,I0003,EXELON CORP,EXC
8543,3,19640331,,I0003,ALTRIA GROUP INC,MO
8549,3,19640331,,I0003,CONOCOPHILLIPS,COP
8762,3,19640331,,I0003,PROCTER & GAMBLE CO,PG
8810,3,19640331,,I0003,PUBLIC SERVICE ENTRP GRP INC,PEG
8972,3,19640331,,I0003,RAYTHEON CO,RTN
9203,3,19640331,,I0003,ROCKWELL AUTOMATION,ROK
9846,3,19640331,,I0003,EDISON INTERNATIONAL,EIX
9850,3,19640331,,I0003,SOUTHERN CO,SO
10499,3,19640331,,I0003,TEXAS INSTRUMENTS INC,TXN
10867,3,19640331,,I0003,UNION PACIFIC CORP,UNP
10983,3,19640331,,I0003,UNITED TECHNOLOGIES CORP,UTX
11456,3,19640331,,I0003,WEYERHAEUSER CO,WY
11465,3,19640331,,I0003,WHIRLPOOL CORP,WHR
11636,3,19640331,,I0003,XEROX CORP,XRX
